{"type": "block", "layer": 0, "block": 0, "features": [{"geom": {"lines": [[-3295.1794273480773, -270.334902593866, 110.53336334228516, -3335.120860643685, -965.7612742939964, 103.17231750488281, -3385.5263260751963, -1793.6895126113668, 101.6568832397461]]}, "mtl": 0}, {"geom": {"lines": [[-3532.256546890363, -4052.054072908126, 112.1594467163086, -2543.071551701054, -3400.9395207343623, 110.34616088867188, -1515.915478201583, -2968.4723951257765, 110.8229751586914, 1808.38507951051, -2089.4173379195854, 108.47637176513672, 2131.3563181497157, -2005.7603315385059, 107.0, 2419.7183270994574, -1929.9268626822159, 108.76762390136719, 2662.2278377916664, -1870.8284031851217, 106.77007293701172, 2743.346350733191, -1847.018966176547, 103.31652069091797, 2807.7224122602493, -1822.3400614336133, 105.23033142089844, 2988.850355727598, -1746.1293668141589, 104.52339935302734, 3168.1637914981693, -1671.3801117911935, 104.0, 3267.6945482175797, -1625.1826158212498, 101.14545440673828, 3340.9427731595933, -1564.6788903055713, 104.97917938232422, 3378.323858167976, -1522.1955860741436, 106.2643814086914, 3433.304554671049, -1445.2508110431954, 102.4957046508789, 3453.0860281847417, -1401.5022071320564, 99.56111907958984, 3527.258204901591, -1198.0303969522938, 105.3969497680664, 3543.588774200529, -1164.1804825607687, 107.6598892211914, 3567.689443955198, -1133.7292652074248, 101.93975830078125, 3735.870930645615, -1016.0334891630337, 100.0, 3788.914668008685, -1005.6787043809891, 100.00003814697266, 3847.836074486375, -1007.2793495012447, 100.11145782470703, 3925.7040582969785, -1030.0045221876353, 100.42984008789062, 4330.495122667402, -1198.9789037993178, 100.74795532226562, 4557.9542382042855, -1293.5721158524975, 102.50630950927734, 4645.785316443071, -1331.8477529790252, 103.58645629882812, 4731.367740962654, -1352.1217100089416, 102.33383178710938, 4805.539917679504, -1336.7482854826376, 102.98188018798828, 5824.1466542854905, -966.4133923854679, 102.94992065429688, 7064.948120392859, -492.3761119283736, 0.0]]}, "mtl": 0}, {"geom": {"lines": [[255.0106410831213, 936.5040354570374, 105.68818664550781, 294.25076158717275, 691.8242830233648, 99.05106353759766, 340.7600448410958, 457.7659766776487, 100.18911743164062, 443.68604602850974, 78.64689988736063, 101.95095825195312, 454.9293145984411, 33.150699752382934, 101.1559829711914, 462.7439428512007, -4.0247538452968, 100.79297637939453, 470.258008480072, -99.8184123346582, 102.64303588867188, 470.0353694986552, -199.12871780619025, 102.13783264160156, 460.2058584615588, -382.5085090678185, 103.50682830810547, 429.6041304413229, -571.9904548544437, 100.47508239746094, 418.0269034001976, -637.3041277425364, 91.67198181152344, 422.5798705741763, -777.7513552140445, 99.93344116210938, 410.02303201146424, -844.3873055139557, 99.34403991699219, 399.4365484379232, -879.661441382952, 100.14659881591797, 379.15413721464574, -909.6393898138776, 100.62272644042969, 286.98159883730114, -1005.9948812220246, 100.01129913330078, 207.19891978800297, -1066.6017901040614, 100.00999450683594, 115.48279132321477, -1108.06004059501, 99.46147155761719, -77.35596257820725, -1168.745190708898, 100.03080749511719, -291.9242810830474, -1235.9112985339016, 96.73727416992188, -479.75365789979696, -1296.75352606643, 100.75733947753906, -540.3893845323473, -1305.8827828792855, 102.0, -687.3756401762366, -1306.7324750637636, 102.4138412475586]]}, "mtl": 0}, {"geom": {"lines": [[-3385.5263260751963, -1793.6895126113668, 101.6568832397461, -3394.44301728718, -1974.2059536185116, 101.96587371826172]]}, "mtl": 0}, {"geom": {"lines": [[-903.7584663815796, -1046.248039405793, 104.9964370727539, -898.593242008239, -1024.0762227214873, 106.16527557373047, -881.2719292398542, -961.8090422647074, 108.62503814697266, -862.4700672477484, -919.3421814087778, 108.51285552978516, -826.0018020626158, -833.4987301761284, 109.20913696289062, -762.7611993420869, -680.4839681005105, 105.77427673339844, -746.3749702982605, -655.8408576743677, 106.38639831542969, -727.2057539820671, -626.9883589688689, 106.91200256347656, -694.2997125033289, -577.5040964027867, 105.62687683105469, -651.3081251606345, -474.4635636471212, 108.22726440429688, -549.4507910832763, -307.9634399423376, 108.19285583496094, -470.1579177919775, -197.3302738815546, 108.63575744628906, -397.5664778444916, -99.62077861279249, 107.3758544921875, -195.78876883536577, 183.53425267059356, 106.09797668457031, -125.34579505957663, 247.37255155760795, 104.73023223876953, 73.15912092104554, 600.3307932605967, 106.24095916748047, 255.0106410831213, 936.5040354570374, 105.68818664550781, 271.3746062293649, 971.6283428249881, 104.1274185180664, 286.2023624032736, 1025.807455625385, 101.48339080810547, 307.04137107916176, 1177.5149480244145, 104.29532623291016, 509.9100111015141, 1710.6397151760757, 112.88716888427734, 686.3402720596641, 2230.9314578659832, 104.722900390625]]}, "mtl": 0}, {"geom": {"lines": [[-3394.44301728718, -1974.2059536185116, 101.96587371826172, -3456.548161201179, -2971.4357989570126, 108.45526123046875, -3532.256546890363, -4052.054072908126, 112.1594467163086]]}, "mtl": 0}, {"geom": {"lines": [[-1956.3176476787776, 606.7347092879936, 111.3846435546875, -1642.285364151001, 226.36317075882107, 109.0, -1465.5990683641285, 15.126215041615069, 109.39124298095703]]},